Country,RMSE,Model_Path,Order,Seasonal_Order
Afghanistan,8.81131749479224,../modelos/modelos_climaticos_sarima\Afghanistan.joblib,"(3, 0, 0)","(0, 0, 3, 12)"
Albania,1.2180721564030366,../modelos/modelos_climaticos_sarima\Albania.joblib,"(3, 0, 1)","(2, 0, 2, 12)"
Algeria,6.136364176571683,../modelos/modelos_climaticos_sarima\Algeria.joblib,"(0, 0, 0)","(1, 0, 0, 12)"
Angola,2.3517340690466804,../modelos/modelos_climaticos_sarima\Angola.joblib,"(3, 0, 0)","(3, 0, 0, 12)"
Argentina,4.860765644946903,../modelos/modelos_climaticos_sarima\Argentina.joblib,"(0, 0, 0)","(2, 0, 0, 12)"
Armenia,1.6919565390335858,../modelos/modelos_climaticos_sarima\Armenia.joblib,"(1, 0, 3)","(3, 0, 3, 12)"
Australia,4.746661857117018,../modelos/modelos_climaticos_sarima\Australia.joblib,"(0, 0, 0)","(3, 0, 0, 12)"
Austria,2.1074784468208634,../modelos/modelos_climaticos_sarima\Austria.joblib,"(2, 0, 3)","(3, 0, 2, 12)"
Bahamas,0.8384354738974874,../modelos/modelos_climaticos_sarima\Bahamas.joblib,"(1, 0, 2)","(3, 0, 3, 12)"
Bahrain,0.9521720637537013,../modelos/modelos_climaticos_sarima\Bahrain.joblib,"(1, 0, 2)","(2, 0, 2, 12)"
Belgium,5.42386719895174,../modelos/modelos_climaticos_sarima\Belgium.joblib,"(1, 0, 0)","(0, 0, 3, 12)"
Benin,1.0088723694932182,../modelos/modelos_climaticos_sarima\Benin.joblib,"(0, 0, 1)","(3, 0, 0, 12)"
Bolivia,3.5893572488104115,../modelos/modelos_climaticos_sarima\Bolivia.joblib,"(0, 0, 0)","(3, 0, 0, 12)"
Bosnia and Herzegovina,5.8362950226153565,../modelos/modelos_climaticos_sarima\Bosnia_and_Herzegovina.joblib,"(0, 0, 0)","(1, 0, 0, 12)"
Botswana,1.0667553677116517,../modelos/modelos_climaticos_sarima\Botswana.joblib,"(2, 0, 3)","(1, 0, 1, 12)"
Brazil,3.2627537798041,../modelos/modelos_climaticos_sarima\Brazil.joblib,"(0, 0, 1)","(3, 0, 0, 12)"
Bulgaria,3.4344998044529707,../modelos/modelos_climaticos_sarima\Bulgaria.joblib,"(2, 0, 2)","(0, 0, 3, 12)"
Burkina Faso,1.7055412134614163,../modelos/modelos_climaticos_sarima\Burkina_Faso.joblib,"(3, 0, 0)","(1, 0, 0, 12)"
Burma,2.2374534464052522,../modelos/modelos_climaticos_sarima\Burma.joblib,"(2, 0, 2)","(1, 0, 0, 12)"
Burundi,0.41555438611695483,../modelos/modelos_climaticos_sarima\Burundi.joblib,"(3, 0, 1)","(2, 0, 1, 12)"
Cambodia,0.45186966954404056,../modelos/modelos_climaticos_sarima\Cambodia.joblib,"(3, 0, 1)","(1, 0, 3, 12)"
Cameroon,2.275799949072001,../modelos/modelos_climaticos_sarima\Cameroon.joblib,"(0, 0, 1)","(3, 0, 0, 12)"
Canada,3.786729325446086,../modelos/modelos_climaticos_sarima\Canada.joblib,"(2, 0, 1)","(1, 0, 3, 12)"
Central African Republic,0.45036738569671414,../modelos/modelos_climaticos_sarima\Central_African_Republic.joblib,"(2, 0, 0)","(3, 0, 3, 12)"
Chad,0.84539367780617,../modelos/modelos_climaticos_sarima\Chad.joblib,"(2, 0, 2)","(1, 0, 2, 12)"
Chile,4.215229202893352,../modelos/modelos_climaticos_sarima\Chile.joblib,"(2, 0, 0)","(3, 0, 0, 12)"
China,6.89875573805091,../modelos/modelos_climaticos_sarima\China.joblib,"(0, 0, 1)","(3, 0, 0, 12)"
Colombia,3.391518659112044,../modelos/modelos_climaticos_sarima\Colombia.joblib,"(0, 0, 0)","(0, 0, 0, 12)"
Congo,1.862997822797408,../modelos/modelos_climaticos_sarima\Congo.joblib,"(0, 0, 1)","(0, 0, 1, 12)"
Costa Rica,0.28431222293977304,../modelos/modelos_climaticos_sarima\Costa_Rica.joblib,"(0, 0, 1)","(1, 0, 1, 12)"
Cote d'Ivoire,1.152026214663589,../modelos/modelos_climaticos_sarima\Cote_d'Ivoire.joblib,"(1, 0, 0)","(1, 0, 0, 12)"
Croatia,7.161930902735982,../modelos/modelos_climaticos_sarima\Croatia.joblib,"(1, 0, 0)","(0, 0, 3, 12)"
Cuba,1.4295225218708019,../modelos/modelos_climaticos_sarima\Cuba.joblib,"(0, 0, 0)","(1, 0, 0, 12)"
Cyprus,0.8228281425440508,../modelos/modelos_climaticos_sarima\Cyprus.joblib,"(1, 0, 1)","(3, 0, 3, 12)"
Czech Republic,1.8350725893958295,../modelos/modelos_climaticos_sarima\Czech_Republic.joblib,"(1, 0, 1)","(1, 0, 3, 12)"
Denmark,1.6664663966456283,../modelos/modelos_climaticos_sarima\Denmark.joblib,"(3, 0, 1)","(2, 0, 1, 12)"
Djibouti,0.5078037287932066,../modelos/modelos_climaticos_sarima\Djibouti.joblib,"(1, 0, 2)","(1, 0, 2, 12)"
Dominican Republic,1.1349287070262268,../modelos/modelos_climaticos_sarima\Dominican_Republic.joblib,"(0, 0, 0)","(1, 0, 0, 12)"
Ecuador,2.4400966394895054,../modelos/modelos_climaticos_sarima\Ecuador.joblib,"(0, 0, 0)","(0, 0, 0, 12)"
El Salvador,0.7578643397468885,../modelos/modelos_climaticos_sarima\El_Salvador.joblib,"(1, 0, 0)","(1, 0, 0, 12)"
Equatorial Guinea,0.5206446299403006,../modelos/modelos_climaticos_sarima\Equatorial_Guinea.joblib,"(3, 0, 1)","(1, 0, 2, 12)"
Eritrea,0.505016046969399,../modelos/modelos_climaticos_sarima\Eritrea.joblib,"(2, 0, 1)","(1, 0, 1, 12)"
Estonia,8.317631957029922,../modelos/modelos_climaticos_sarima\Estonia.joblib,"(3, 0, 0)","(0, 0, 3, 12)"
Ethiopia,3.651673947067303,../modelos/modelos_climaticos_sarima\Ethiopia.joblib,"(3, 0, 0)","(2, 0, 1, 12)"
Finland,2.594195745693765,../modelos/modelos_climaticos_sarima\Finland.joblib,"(1, 0, 3)","(3, 0, 2, 12)"
France,4.669112586806097,../modelos/modelos_climaticos_sarima\France.joblib,"(0, 0, 0)","(1, 0, 0, 12)"
Gabon,0.7267759967434564,../modelos/modelos_climaticos_sarima\Gabon.joblib,"(1, 0, 0)","(1, 0, 0, 12)"
Gambia,0.5027340766178025,../modelos/modelos_climaticos_sarima\Gambia.joblib,"(0, 0, 1)","(1, 0, 3, 12)"
Georgia,1.6919565390335858,../modelos/modelos_climaticos_sarima\Georgia.joblib,"(1, 0, 3)","(3, 0, 3, 12)"
Germany,6.331171507454142,../modelos/modelos_climaticos_sarima\Germany.joblib,"(1, 0, 0)","(0, 0, 3, 12)"
Ghana,1.16741946795626,../modelos/modelos_climaticos_sarima\Ghana.joblib,"(0, 0, 0)","(1, 0, 0, 12)"
Greece,2.271439930135932,../modelos/modelos_climaticos_sarima\Greece.joblib,"(1, 0, 1)","(1, 0, 3, 12)"
Guatemala,0.42335279333063547,../modelos/modelos_climaticos_sarima\Guatemala.joblib,"(1, 0, 2)","(2, 0, 2, 12)"
Guinea,1.2648996370290326,../modelos/modelos_climaticos_sarima\Guinea.joblib,"(0, 0, 0)","(3, 0, 0, 12)"
Guinea-Bissau,0.4697735275680003,../modelos/modelos_climaticos_sarima\Guinea-Bissau.joblib,"(0, 0, 3)","(1, 0, 1, 12)"
Guyana,0.29765136109087287,../modelos/modelos_climaticos_sarima\Guyana.joblib,"(1, 0, 2)","(2, 0, 2, 12)"
Haiti,0.5710762721872814,../modelos/modelos_climaticos_sarima\Haiti.joblib,"(2, 0, 2)","(1, 0, 3, 12)"
Honduras,1.6766313093007408,../modelos/modelos_climaticos_sarima\Honduras.joblib,"(1, 0, 0)","(0, 0, 3, 12)"
Hong Kong,1.0618175335740003,../modelos/modelos_climaticos_sarima\Hong_Kong.joblib,"(2, 0, 1)","(2, 0, 2, 12)"
Hungary,1.7599995808562148,../modelos/modelos_climaticos_sarima\Hungary.joblib,"(1, 0, 3)","(3, 0, 3, 12)"
Iceland,1.1779755300956758,../modelos/modelos_climaticos_sarima\Iceland.joblib,"(1, 0, 2)","(3, 0, 3, 12)"
India,3.317330104209447,../modelos/modelos_climaticos_sarima\India.joblib,"(0, 0, 1)","(3, 0, 0, 12)"
Indonesia,0.7696825011591171,../modelos/modelos_climaticos_sarima\Indonesia.joblib,"(0, 0, 0)","(0, 0, 0, 12)"
Iran,8.458013308218865,../modelos/modelos_climaticos_sarima\Iran.joblib,"(0, 0, 0)","(1, 0, 0, 12)"
Iraq,1.9651466320069995,../modelos/modelos_climaticos_sarima\Iraq.joblib,"(1, 0, 3)","(3, 0, 3, 12)"
Ireland,1.1048536260919481,../modelos/modelos_climaticos_sarima\Ireland.joblib,"(3, 0, 1)","(3, 0, 2, 12)"
Israel,1.3611823185981728,../modelos/modelos_climaticos_sarima\Israel.joblib,"(3, 0, 1)","(2, 0, 2, 12)"
Italy,3.398153578132751,../modelos/modelos_climaticos_sarima\Italy.joblib,"(0, 0, 1)","(3, 0, 0, 12)"
Jamaica,1.1370764317971194,../modelos/modelos_climaticos_sarima\Jamaica.joblib,"(3, 0, 0)","(1, 0, 0, 12)"
Japan,7.342497574967039,../modelos/modelos_climaticos_sarima\Japan.joblib,"(1, 0, 0)","(0, 0, 3, 12)"
Jordan,1.0418838064086213,../modelos/modelos_climaticos_sarima\Jordan.joblib,"(1, 0, 3)","(2, 0, 2, 12)"
Kazakhstan,11.776229659801182,../modelos/modelos_climaticos_sarima\Kazakhstan.joblib,"(1, 0, 0)","(0, 0, 3, 12)"
Kenya,3.4173993565251704,../modelos/modelos_climaticos_sarima\Kenya.joblib,"(0, 0, 0)","(1, 0, 0, 12)"
Laos,0.8082416183861061,../modelos/modelos_climaticos_sarima\Laos.joblib,"(1, 0, 1)","(1, 0, 1, 12)"
Latvia,8.068196957437005,../modelos/modelos_climaticos_sarima\Latvia.joblib,"(3, 0, 0)","(0, 0, 3, 12)"
Lebanon,1.2024281147886065,../modelos/modelos_climaticos_sarima\Lebanon.joblib,"(2, 0, 1)","(1, 0, 1, 12)"
Lesotho,0.7961860180322281,../modelos/modelos_climaticos_sarima\Lesotho.joblib,"(1, 0, 0)","(2, 0, 2, 12)"
Liberia,0.3474877959983576,../modelos/modelos_climaticos_sarima\Liberia.joblib,"(3, 0, 1)","(1, 0, 1, 12)"
Libya,5.005787170173045,../modelos/modelos_climaticos_sarima\Libya.joblib,"(1, 0, 0)","(0, 0, 3, 12)"
Lithuania,7.479471639519306,../modelos/modelos_climaticos_sarima\Lithuania.joblib,"(1, 0, 0)","(0, 0, 3, 12)"
Macedonia,1.7583685181796818,../modelos/modelos_climaticos_sarima\Macedonia.joblib,"(2, 0, 1)","(1, 0, 2, 12)"
Madagascar,2.933403239360304,../modelos/modelos_climaticos_sarima\Madagascar.joblib,"(0, 0, 1)","(3, 0, 0, 12)"
Malawi,1.769769463449255,../modelos/modelos_climaticos_sarima\Malawi.joblib,"(0, 0, 1)","(3, 0, 0, 12)"
Malaysia,0.7983492615710733,../modelos/modelos_climaticos_sarima\Malaysia.joblib,"(0, 0, 0)","(3, 0, 0, 12)"
Mali,2.2346260941180853,../modelos/modelos_climaticos_sarima\Mali.joblib,"(0, 0, 0)","(2, 0, 0, 12)"
Mauritania,2.9627587094985786,../modelos/modelos_climaticos_sarima\Mauritania.joblib,"(0, 0, 3)","(0, 0, 3, 12)"
Mauritius,0.3296156260265477,../modelos/modelos_climaticos_sarima\Mauritius.joblib,"(3, 0, 1)","(2, 0, 2, 12)"
Mexico,4.393423213213888,../modelos/modelos_climaticos_sarima\Mexico.joblib,"(3, 0, 0)","(3, 0, 0, 12)"
Mongolia,2.2376260115351694,../modelos/modelos_climaticos_sarima\Mongolia.joblib,"(1, 0, 0)","(1, 0, 3, 12)"
Montenegro,1.4701378092554487,../modelos/modelos_climaticos_sarima\Montenegro.joblib,"(1, 0, 3)","(3, 0, 3, 12)"
Morocco,5.016500513242476,../modelos/modelos_climaticos_sarima\Morocco.joblib,"(1, 0, 0)","(0, 0, 3, 12)"
Mozambique,1.7091949197006455,../modelos/modelos_climaticos_sarima\Mozambique.joblib,"(1, 0, 1)","(1, 0, 1, 12)"
Namibia,0.7384299211282528,../modelos/modelos_climaticos_sarima\Namibia.joblib,"(3, 0, 1)","(2, 0, 2, 12)"
Nepal,5.041636234616272,../modelos/modelos_climaticos_sarima\Nepal.joblib,"(3, 0, 0)","(2, 0, 0, 12)"
Netherlands,1.466576664068094,../modelos/modelos_climaticos_sarima\Netherlands.joblib,"(3, 0, 0)","(1, 0, 3, 12)"
New Zealand,3.5990048946630617,../modelos/modelos_climaticos_sarima\New_Zealand.joblib,"(0, 0, 0)","(2, 0, 0, 12)"
Nicaragua,0.6859473374791798,../modelos/modelos_climaticos_sarima\Nicaragua.joblib,"(0, 0, 0)","(2, 0, 1, 12)"
Niger,2.5673044369169755,../modelos/modelos_climaticos_sarima\Niger.joblib,"(3, 0, 0)","(1, 0, 0, 12)"
Nigeria,1.7823059500336569,../modelos/modelos_climaticos_sarima\Nigeria.joblib,"(0, 0, 0)","(3, 0, 0, 12)"
Norway,4.700692069782317,../modelos/modelos_climaticos_sarima\Norway.joblib,"(0, 0, 1)","(1, 0, 0, 12)"
Oman,0.6356835521053205,../modelos/modelos_climaticos_sarima\Oman.joblib,"(0, 0, 0)","(1, 0, 3, 12)"
Pakistan,2.5468015143932723,../modelos/modelos_climaticos_sarima\Pakistan.joblib,"(0, 0, 3)","(3, 0, 3, 12)"
Panama,0.34915006944168714,../modelos/modelos_climaticos_sarima\Panama.joblib,"(3, 0, 1)","(1, 0, 1, 12)"
Papua New Guinea,0.3729542002902176,../modelos/modelos_climaticos_sarima\Papua_New_Guinea.joblib,"(3, 0, 1)","(1, 0, 1, 12)"
Paraguay,1.278053993081955,../modelos/modelos_climaticos_sarima\Paraguay.joblib,"(2, 0, 1)","(1, 0, 3, 12)"
Peru,6.704399304821037,../modelos/modelos_climaticos_sarima\Peru.joblib,"(0, 0, 0)","(0, 0, 0, 12)"
Philippines,0.6384374971357454,../modelos/modelos_climaticos_sarima\Philippines.joblib,"(2, 0, 2)","(2, 0, 2, 12)"
Poland,2.050956153501372,../modelos/modelos_climaticos_sarima\Poland.joblib,"(3, 0, 1)","(2, 0, 2, 12)"
Portugal,1.4514090047698114,../modelos/modelos_climaticos_sarima\Portugal.joblib,"(3, 0, 2)","(1, 0, 1, 12)"
Puerto Rico,0.32412327934825297,../modelos/modelos_climaticos_sarima\Puerto_Rico.joblib,"(3, 0, 1)","(2, 0, 1, 12)"
Qatar,0.8788240366090877,../modelos/modelos_climaticos_sarima\Qatar.joblib,"(1, 0, 2)","(2, 0, 2, 12)"
Reunion,0.3526692557048095,../modelos/modelos_climaticos_sarima\Reunion.joblib,"(3, 0, 1)","(2, 0, 3, 12)"
Russia,9.45587617578991,../modelos/modelos_climaticos_sarima\Russia.joblib,"(3, 0, 0)","(1, 0, 0, 12)"
Rwanda,0.48775909904246817,../modelos/modelos_climaticos_sarima\Rwanda.joblib,"(0, 0, 0)","(2, 0, 0, 12)"
Saudi Arabia,4.936124725216271,../modelos/modelos_climaticos_sarima\Saudi_Arabia.joblib,"(0, 0, 0)","(1, 0, 0, 12)"
Sierra Leone,1.1825648846164545,../modelos/modelos_climaticos_sarima\Sierra_Leone.joblib,"(3, 0, 0)","(3, 0, 0, 12)"
Singapore,0.5044320509402197,../modelos/modelos_climaticos_sarima\Singapore.joblib,"(1, 0, 0)","(1, 0, 0, 12)"
Somalia,2.38651871985364,../modelos/modelos_climaticos_sarima\Somalia.joblib,"(0, 0, 0)","(3, 0, 0, 12)"
South Africa,3.668259440845067,../modelos/modelos_climaticos_sarima\South_Africa.joblib,"(0, 0, 0)","(1, 0, 0, 12)"
Spain,5.557993785587607,../modelos/modelos_climaticos_sarima\Spain.joblib,"(2, 0, 0)","(1, 0, 0, 12)"
Turkmenistan,2.363554228704166,../modelos/modelos_climaticos_sarima\Turkmenistan.joblib,"(3, 0, 1)","(3, 0, 2, 12)"
Uzbekistan,3.3325927338510017,../modelos/modelos_climaticos_sarima\Uzbekistan.joblib,"(3, 0, 1)","(3, 0, 1, 12)"
Yemen,0.561190485911452,../modelos/modelos_climaticos_sarima\Yemen.joblib,"(1, 0, 2)","(3, 0, 2, 12)"
